Epitope,Allele,ELISpot Response,Binding
ITVNASRPQPF,HLA-A*32:01,No response,0
TEYKLVVVGAV,HLA-B*41:01,No response,0
VSYANSCANPV,HLA-C*17:01,No response,0
VLPEEIQKML,HLA-A*02:05,No response,0
CRLQKVAAL,HLA-C*07:18,De novo response,1
AQIMHSQV,HLA-A*02:05,No response,0
CDSHGLGKNPI,HLA-B*41:01,No response,0
LGSAGPLPDY,HLA-A*01:01,No response,0
YECTVCRKAF,HLA-B*44:02,No response,0
EREEKYIRYL,HLA-C*06:02,No response,0
NRIPQFFI,HLA-C*06:02,No response,0
NLYNQLAKTKS,HLA-A*31:01,No response,0
STLLNHNNDN,HLA-B*57:01,No response,0
KLVVVGAR,HLA-A*31:01,No response,0
MLDVKPDANE,HLA-C*05:01,No response,0
AGKLVLNR,HLA-A*31:01,No response,0
VMDMLGLFY,HLA-A*01:01,No response,0
SSKKMHPK,HLA-A*31:01,No response,0
RLLPVVQA,HLA-A*31:01,No response,0
AEAAAVAV,HLA-B*44:02,No response,0
EEQKADFPAGI,HLA-B*44:02,No response,0
RMFCQLAK,HLA-A*31:01,No response,0
YPDDYQNY,HLA-C*05:01,No response,0
KDDTYDLLY,HLA-A*01:01,No response,0
VEMSKKLCSQY,HLA-B*44:02,No response,0
SARGLRSW,HLA-B*57:01,No response,0
ATSALWTW,HLA-B*57:01,No response,0
GHSLGNSKIV,HLA-C*07:01,No response,0
QARACQRVVVM,HLA-C*07:01,No response,0
YTYYCGKRKKI,HLA-C*07:01,No response,0
FNKEHEFI,HLA-C*07:01,No response,0
EHKYQHLAIL,HLA-C*07:01,No response,0
SVNSVTGICI,HLA-C*07:01,No response,0
DGVGKSAL,HLA-B*08:01,No response,0
QTWSGDIGNY,HLA-A*01:01,No response,0
FNKEHEFI,HLA-C*07:01,No response,0
YIITEYCLY,HLA-A*01:01,No response,0
SNKLKIKCI,HLA-B*08:01,No response,0
ITEECTKEEY,HLA-A*01:01,No response,0
DRHSLSSADNL,HLA-C*07:01,No response,0
QARACQRVVVM,HLA-C*07:01,No response,0
LMAAYKQLTL,HLA-B*08:01,No response,0
SLASVFISF,HLA-B*08:01,No response,0
QHMTEVVRHC,HLA-C*07:01,No response,0
LPKTYLRHP,HLA-B*08:01,No response,0
FAYPHMVGKSV,HLA-C*07:01,No response,0
TPMPQEMAF,HLA-B*35:02,No response,0
HEDHGIQESRR,HLA-C*04:01,No response,0
KIIWRTDK,HLA-A*03:01,No response,0
VVVGADGVGK,HLA-A*03:01,No response,0
KPRRSSLSRC,HLA-B*07:02,No response,0
RYFVIRDGFLF,HLA-C*07:02,No response,0
RMKEREEIWQK,HLA-A*03:01,De novo response,1
RLAAAVRF,HLA-A*32:01,No response,0
MLKVVSRSV,HLA-B*07:02,No response,0
FFPGGQGL,HLA-C*04:01,No response,0
HHEPCSDSDGL,HLA-C*07:02,No response,0
HFDLSQEMERL,HLA-C*04:01,No response,0
AVMHLDHSDTI,HLA-A*32:01,No response,0
RTTKRRYRK,HLA-A*03:01,No response,0
RPRHSHLTRA,HLA-B*07:02,No response,0
ALKENVGPGK,HLA-A*03:01,No response,0
EVLMVLDNY,HLA-A*26:01,No response,0
YASGHTTGIV,HLA-C*12:03,No response,0
TEYKLVVVGAV,HLA-C*12:03,No response,0
NALGYNSVSI,HLA-C*12:03,No response,0
KSDPTEWAMY,HLA-A*01:01,No response,0
YLMEKAHSVSV,HLA-C*12:03,No response,0
GSCLEDFW,HLA-B*57:01,No response,0
LAPPQLLI,HLA-C*12:03,No response,0
YSDVLSPTHA,HLA-A*01:01,No response,0
YSDFVKLQK,HLA-A*01:01,De novo response,1
NQEEVMKLL,HLA-B*38:01,No response,0
SVSPAICAV,HLA-A*26:01,No response,0
SSSPPGPYHK,HLA-A*11:01,No response,0
GARGVGKSAL,HLA-B*07:02,No response,0
TRSKCDSTY,HLA-B*38:01,No response,0
GPLSGSRSATV,HLA-B*07:02,No response,0
MVICIELK,HLA-A*11:01,No response,0
FFRQESFF,HLA-C*07:02,No response,0
ARLLISQAMGL,HLA-C*07:02,No response,0
SSQKVWVPA,HLA-A*11:01,No response,0
WPRGSCSNSS,HLA-B*07:02,No response,0
CRDHDSDSSG,HLA-B*38:01,No response,0
SNLRFENWFRR,HLA-A*11:01,No response,0
TMGSQDSLL,HLA-B*38:01,No response,0
VDDLLDII,HLA-B*07:02,No response,0
EIITELEMQM,HLA-A*26:01,No response,0
IFEPRPVRGPL,HLA-C*07:02,No response,0
TRYLGSRLVKL,HLA-C*07:02,No response,0
TTSLALQARR,HLA-A*68:01,De novo response,1
AVGVGKSAL,HLA-B*07:02,De novo response,1
NVFKLKTAAWR,HLA-A*68:01,De novo response,1
YPSLSPKEFY,HLA-B*35:01,De novo response,1
FRMDMGTI,HLA-C*07:02,No response,0
SPGNSPSGGTV,HLA-B*07:02,De novo response,1
SLGTQGHL,HLA-C*04:01,No response,0
LYKAGARVKIM,HLA-C*07:02,De novo response,1
MLWDESIFGF,HLA-A*02:01,No response,0
SRSQRAASKDM,HLA-C*07:02,No response,0
LYKAGARVKIM,HLA-C*07:02,De novo response,1
HRSLLAAAPGL,HLA-C*07:02,De novo response,1
EMKEEVDQVTL,HLA-C*07:02,No response,0
KRENILQF,HLA-B*27:05,No response,0
HTDESLGDCA,HLA-A*01:01,De novo response,1
SRKQNHLPKL,HLA-C*07:01,No response,0
SRKQNHLPKL,HLA-C*07:01,No response,0
KAPETIPITPV,HLA-C*02:02,No response,0
MSDQKKKEEE,HLA-A*01:01,No response,0
FRGSADLI,HLA-C*07:01,De novo response,1
KVMEFTRAI,HLA-C*02:02,No response,0
FAVTGMPKNV,HLA-C*02:02,No response,0
PREVLSRLREL,HLA-C*07:01,No response,0
ILYDHEYAT,HLA-A*02:01,No response,0
SHINAWLNMGI,HLA-C*07:01,De novo response,1
ATDKITEHI,HLA-A*01:01,No response,0
VRCKKCMEIV,HLA-C*07:01,No data,0
RPIIFSSLVV,HLA-B*07:02,De novo response,1
SFSIKGCSKL,HLA-C*07:02,No response,0
SPSIRCSSVSY,HLA-B*07:02,No response,0
VVVGADGVGK,HLA-A*03:01,No response,0
VPNYRLSMMI,HLA-B*51:05,No response,0
SWRGYTQM,HLA-C*04:01,No response,0
RMVQSHLAAGK,HLA-A*03:01,No response,0
FFPYNYHSQK,HLA-C*04:01,No response,0
TLMASEEAMAV,HLA-A*02:01,No response,0
SAPPAQEETF,HLA-C*07:02,No response,0
NEDQLYTALW,HLA-B*44:02,No response,0
GADGVGKSAL,HLA-C*05:01,No response,0
AEEKCVPYY,HLA-B*44:02,No response,0
YENMKQALGVM,HLA-B*44:02,No response,0
VCKIPTSCSL,HLA-B*08:01,No response,0
YYLPHVDPEY,HLA-A*01:01,No response,0
LEATGQARPPA,HLA-B*44:02,No response,0
FRTNTFLEV,HLA-C*07:01,No response,0
CTTIHYNYMY,HLA-A*01:01,No response,0
VHLQEQLYLKL,HLA-C*07:01,No response,0
LQLAAVPV,HLA-B*13:02,No response,0
LRGDNLKLLL,HLA-C*06:02,No response,0
GYPPPVAPSRL,HLA-C*14:02,No response,0
FRGNLAGLTLC,HLA-C*06:02,No response,0
KTVIATDYYNM,HLA-B*15:16,No response,0
ADGVGKSALTI,HLA-B*13:02,No response,0
SKLGGISDAL,HLA-C*14:02,No response,0
MPSGGLYI,HLA-B*13:02,No response,0
FLENRVHKQEL,HLA-C*06:02,No response,0
HSFAGYPPGY,HLA-B*15:16,No response,0
SRCQMKTL,HLA-C*06:02,No response,0
RLMKALFLALV,HLA-B*13:02,No response,0
KSFYEVNHIW,HLA-B*15:16,No response,0
ARTSTPKHTHL,HLA-C*06:02,No response,0
HFPVAGRL,HLA-C*14:02,No response,0
FQISKTTEEY,HLA-C*06:02,No response,0
MVSLGNSFLHK,HLA-A*68:01,No response,0
HSYMRDCATW,HLA-B*15:16,No response,0
STFSHVQR,HLA-A*68:01,No response,0
ESTATDVLQKK,HLA-A*68:01,No response,0
TEYKLVVVGAC,HLA-C*04:01,No response,0
WPVRLTLSPL,HLA-B*35:02,No response,0
RPLSYTDTDVI,HLA-B*35:02,No response,0
LHGTMTAW,HLA-B*38:01,No response,0
YLYYISNKY,HLA-A*26:01,No response,0
MHSFGMYNYL,HLA-B*38:01,No response,0
RVKDTDWKELY,HLA-A*26:01,No response,0
IHQELDKDL,HLA-B*38:01,No response,0
SFASFQRDLF,HLA-C*04:01,No response,0
VPLQAGESL,HLA-B*35:02,No response,0
NSYGRRLI,HLA-C*12:03,No response,0
RAKKCKSLII,HLA-C*12:03,No response,0
QAEGRAKKC,HLA-C*12:03,No response,0
LHLPGGVVF,HLA-B*38:01,No response,0
YRILTNEDDKF,HLA-B*38:01,No response,0
VPLFGPTL,HLA-B*35:02,No response,0
NSYGRRLIQVM,HLA-C*12:03,No response,0
LALPQHLIRV,HLA-C*12:03,No response,0
HPHANKPPL,HLA-B*35:02,No response,0
CPGLPGADGL,HLA-B*07:02,No response,0
MAIEFSPEEW,HLA-B*35:08,No response,0
VVVGADGVGK,HLA-A*03:01,No response,0
IIGHNTDCGK,HLA-A*03:01,No response,0
SFMGIWQMPL,HLA-C*07:02,No response,0
YRYQADACHAY,HLA-C*07:02,No response,0
YQLAKTCPV,HLA-A*02:01,No response,0
VTSRLTSGLVK,HLA-A*03:01,No response,0
SPGSVGVISPY,HLA-B*35:08,No response,0
KYLCHCFHL,HLA-C*07:02,No response,0
GEKFGMENV,HLA-B*41:01,De novo response in pool,1
LGLNRDPCHL,HLA-B*08:01,No response,0
SIAKKFSVA,HLA-B*08:01,De novo response in pool,1
MSAEVNLAGL,HLA-C*17:01,De novo response,1
REHIVAQYPSL,HLA-B*41:01,De novo response in pool,1
GSDCTTFHY,HLA-A*01:01,No response,0
AEEAATRANA,HLA-B*41:01,De novo response in pool,1
TMLHFSFFV,HLA-A*02:01,De novo response,1
ASDYGLFLL,HLA-C*17:01,De novo response in pool,1
HEMKVLFV,HLA-B*41:01,No response,0
AETIGRHVLGI,HLA-B*41:01,No response,0
ILIVFIANCV,HLA-A*02:01,De novo response in pool,1
GRALKTAASL,HLA-B*08:01,De novo response,1
GLKLNLTGL,HLA-B*08:01,De novo response in pool,1
KSMCVKNSAGV,HLA-C*17:01,No response,0
VEVMFHSGSSV,HLA-B*41:01,No response,0
VLTYHKWWV,HLA-A*02:01,No response,0
HMTEVVRHC,HLA-A*02:01,No response,0
EAKGSVQDI,HLA-B*51:01,No response,0
ITKVANIEL,HLA-C*15:02,No response,0
LRADVRVHP,HLA-C*06:02,No response,0
SPQMVFAIV,HLA-B*51:01,No response,0
GLKDINETM,HLA-A*02:01,No response,0
AAAPPPGPL,HLA-C*15:02,No response,0
TSLETKVYV,HLA-C*15:02,No response,0
KAWNFRGVI,HLA-B*57:01,No response,0
SQYSRPSDI,HLA-B*52:01,No response,0
LDILDTAGHEEY,HLA-B*14:02,No response,0
VAFGPHAKF,HLA-C*12:02,De novo response,1
KAWLQSMI,HLA-B*52:01,De novo response,1
YALTCLQKV,HLA-B*52:01,No response,0
DRWVQVTA,HLA-B*14:02,De novo response,1
SSDGNLNEL,HLA-C*08:02,No data,0
MSCRVGEEL,HLA-A*68:02,No response,0
EEMPPFPERESF,HLA-B*14:02,No response,0
DTYVPTSDYK,HLA-A*68:02,No response,0
THESDLPPSDK,HLA-A*68:02,No response,0
GMRFLESSV,HLA-B*52:01,No response,0
FRANLQREV,HLA-B*14:02,De novo response,1
LADLLNPI,HLA-C*08:02,De novo response,1
WTHTDERPY,HLA-C*12:02,No response,0
AAALARLAL,HLA-C*12:02,No response,0
GMLHGLVNV,HLA-B*52:01,No response,0
KLFLVKNKI,HLA-B*52:01,No response,0
HHAGGHGIEF,HLA-A*68:02,No response,0
RVYGLFAGPCK,HLA-A*11:01,No response,0