HLA_Restriction,Epitope,Position,Protein,Score_EL,Percent_Rank_EL,Predicted_Binding_Level,Binding
A*02:01,YLQPRTFLL,269,Spike,0.972695,0.013,SB,1
A*02:01,VLNDILSRL,976,Spike,0.946683,0.026,SB,0
A*02:01,TLDSKTQSL,109,Spike,0.912308,0.047,SB,1
A*02:01,KIADYNYKL,417,Spike,0.859823,0.074,SB,0
A*02:01,RLDKVEAEV,983,Spike,0.850121,0.081,SB,0
A*02:01,RLQSLQTYV,1000,Spike,0.849935,0.081,SB,0
A*02:01,LLFNKVTLA,821,Spike,0.808857,0.105,SB,0
A*02:01,HLMSFPQSA,1048,Spike,0.79447,0.113,SB,0
A*02:01,VVFLHVTYV,1060,Spike,0.755669,0.144,SB,0
A*02:01,FIAGLIAIV,1220,Spike,0.666712,0.227,SB,0
B*07:02,SPRRARSVA,680,Spike,0.899954,0.065,SB,0
B*07:02,GPKKSTNLV,526,Spike,0.610435,0.275,SB,0
B*07:02,TPINLVRDL,208,Spike,0.572539,0.306,SB,0
B*07:02,EPVLKGVKL,1262,Spike,0.564515,0.314,SB,0
B*07:02,QPTESIVRF,321,Spike,0.502738,0.376,SB,0
B*07:02,FPQSAPHGV,1052,Spike,0.499604,0.379,SB,0
B*07:02,IPTNFTISV,714,Spike,0.462356,0.423,SB,0
B*07:02,LPPAYTNSF,24,Spike,0.438154,0.458,SB,0
B*07:02,KPFERDIST,462,Spike,0.353815,0.581,WB,0
A*02:01,SLVKPSFYV,50,Envelope,0.854221,0.078,SB,0
A*02:01,FLAFVVFLL,20,Envelope,0.525237,0.375,SB,0
A*02:01,YVYSRVKNL,57,Envelope,0.466076,0.447,SB,0
A*02:01,TLIVNSVLL,11,Envelope,0.381795,0.581,WB,0
A*02:01,IVNSVLLFL,13,Envelope,0.309928,0.763,WB,0
A*02:01,FVSEETGTL,4,Envelope,0.299631,0.792,WB,0
A*02:01,FLLVTLAIL,26,Envelope,0.282764,0.843,WB,0
A*02:01,SVLLFLAFV,16,Envelope,0.219388,1.07,WB,0
A*02:01,VLLFLAFVV,17,Envelope,0.144104,1.489,WB,0
A*02:01,VTLAILTAL,29,Envelope,0.090004,2.081,NA,0
B*07:02,YVYSRVKNL,57,Envelope,0.144188,1.153,WB,0
B*07:02,NVSLVKPSF,48,Envelope,0.051477,2.218,NA,0
B*07:02,FVSEETGTL,4,Envelope,0.050757,2.235,NA,0
B*07:02,VTLAILTAL,29,Envelope,0.015086,4.148,NA,0
B*07:02,KPSFYVYSR,53,Envelope,0.011733,4.704,NA,0
B*07:02,SSRVPDLLV,67,Envelope,0.008558,5.489,NA,0
B*07:02,IVNSVLLFL,13,Envelope,0.008508,5.503,NA,0
B*07:02,LAILTALRL,31,Envelope,0.008031,5.668,NA,0
B*07:02,FVVFLLVTL,23,Envelope,0.005874,6.532,NA,0
B*07:02,LVKPSFYVY,51,Envelope,0.005264,6.88,NA,0
A*02:01,KLLEQWNLV,15,Membrane,0.898887,0.053,SB,0
A*02:01,FVLAAVYRI,65,Membrane,0.49427,0.409,SB,0
A*02:01,SMWSFNPET,108,Membrane,0.460519,0.454,SB,0
A*02:01,GLMWLSYFI,89,Membrane,0.441625,0.48,SB,0
A*02:01,LLWPVTLAC,56,Membrane,0.230705,1.023,WB,0
A*02:01,WLLWPVTLA,55,Membrane,0.213384,1.095,WB,0
A*02:01,RLFARTRSM,101,Membrane,0.167886,1.323,WB,0
A*02:01,FLFLTWICL,26,Membrane,0.142011,1.503,WB,0
A*02:01,FIASFRLFA,96,Membrane,0.141834,1.504,WB,0
A*02:01,TLACFVLAA,61,Membrane,0.128495,1.59,WB,0
B*07:02,LPKEITVAT,164,Membrane,0.46273,0.423,SB,0
B*07:02,HLRIAGHHL,148,Membrane,0.370087,0.557,WB,0
B*07:02,RLFARTRSM,101,Membrane,0.333256,0.615,WB,0
B*07:02,RPLLESELV,131,Membrane,0.136447,1.195,WB,0
B*07:02,NVPLHGTIL,121,Membrane,0.053044,2.18,NA,0
B*07:02,VPLHGTILT,122,Membrane,0.047466,2.314,NA,0
B*07:02,FAYANRNRF,37,Membrane,0.039055,2.53,NA,0
B*07:02,ITVATSRTL,168,Membrane,0.028244,3.013,NA,0
B*07:02,GAVILRGHL,141,Membrane,0.025424,3.198,NA,0
B*07:02,SFNPETNIL,111,Membrane,0.022685,3.378,NA,0
A*02:01,LLLDRLNQL,222,Nucleocapsid,0.951445,0.024,SB,1
A*02:01,KLDDKDPNF,338,Nucleocapsid,0.559155,0.339,SB,0
A*02:01,GMSRIGMEV,316,Nucleocapsid,0.409317,0.531,WB,0
A*02:01,LQLPQGTTL,159,Nucleocapsid,0.219198,1.071,WB,0
A*02:01,DLDDFSKQL,399,Nucleocapsid,0.191364,1.197,WB,0
A*02:01,AQFAPSASA,305,Nucleocapsid,0.17815,1.264,WB,0
A*02:01,RLNQLESKM,226,Nucleocapsid,0.116993,1.704,WB,0
A*02:01,ILLNKHIDA,351,Nucleocapsid,0.112742,1.751,WB,0
A*02:01,TTLPKGFYA,165,Nucleocapsid,0.092237,2.041,NA,0
A*02:01,RTATKAYNV,262,Nucleocapsid,0.085053,2.169,NA,0
B*07:02,FPRGQGVPI,66,Nucleocapsid,0.970857,0.019,SB,0
B*07:02,KPRQKRTAT,257,Nucleocapsid,0.845878,0.1,SB,0
B*07:02,SPRWYFYYL,105,Nucleocapsid,0.78941,0.139,SB,1
B*07:02,LPNNTASWF,45,Nucleocapsid,0.281028,0.716,WB,0
B*07:02,RIRGGDGKM,93,Nucleocapsid,0.277615,0.723,WB,0
B*07:02,GPEQTQGNF,278,Nucleocapsid,0.250908,0.777,WB,0
B*07:02,RPQGLPNNT,41,Nucleocapsid,0.236468,0.809,WB,0
B*07:02,TPSGTWLTY,325,Nucleocapsid,0.199278,0.917,WB,0
B*07:02,KAYNVTQAF,266,Nucleocapsid,0.196035,0.929,WB,0
B*07:02,APRITFGGP,12,Nucleocapsid,0.14837,1.13,WB,0
A*02:01,LLYDANYFL,139,ORF3A,0.967105,0.017,SB,0
A*02:01,ALSKGVHFV,72,ORF3A,0.94978,0.024,SB,0
A*02:01,TVYSHLLLV,89,ORF3A,0.85148,0.08,SB,0
A*02:01,YLYALVYFL,107,ORF3A,0.830503,0.093,SB,0
A*02:01,IVDEPEEHV,236,ORF3A,0.617627,0.277,SB,0
A*02:01,ALLAVFQSA,51,ORF3A,0.590547,0.306,SB,0
A*02:01,ALVYFLQSI,110,ORF3A,0.540919,0.358,SB,0
A*02:01,GLEAPFLYL,100,ORF3A,0.478119,0.431,SB,0
A*02:01,NLLLLFVTV,82,ORF3A,0.361087,0.626,WB,0
A*02:01,ATIPIQASL,33,ORF3A,0.315224,0.748,WB,0
B*07:02,IPIQASLPF,35,ORF3A,0.773507,0.149,SB,0
B*07:02,APFLYLYAL,103,ORF3A,0.621391,0.266,SB,0
B*07:02,ATIPIQASL,33,ORF3A,0.188654,0.956,WB,0
B*07:02,TPSDFVRAT,24,ORF3A,0.163307,1.058,WB,0
B*07:02,IPYNSVTSS,158,ORF3A,0.117318,1.326,WB,0
B*07:02,QSASKIITL,57,ORF3A,0.082125,1.67,WB,0
B*07:02,SINFVRIIM,117,ORF3A,0.079894,1.698,WB,0
B*07:02,KCRSKNPLL,132,ORF3A,0.057908,2.063,NA,0
B*07:02,ITLKKRWQL,63,ORF3A,0.041058,2.468,NA,0
B*07:02,LALSKGVHF,71,ORF3A,0.019844,3.604,NA,0
A*02:01,HLVDFQVTI,3,ORF6,0.925606,0.039,SB,0
A*02:01,NLDYIINLI,28,ORF6,0.408601,0.532,WB,0
A*02:01,TIAEILLII,10,ORF6,0.255021,0.933,WB,0
A*02:01,LIIMRTFKV,16,ORF6,0.184755,1.23,WB,0
A*02:01,SIWNLDYII,25,ORF6,0.11402,1.737,WB,0
A*02:01,VTIAEILLI,9,ORF6,0.095616,1.983,WB,0
A*02:01,SQLDEEQPM,50,ORF6,0.075866,2.332,NA,0
A*02:01,FQVTIAEIL,7,ORF6,0.067993,2.472,NA,0
A*02:01,IINLIIKNL,32,ORF6,0.053716,2.858,NA,0
A*02:01,IMRTFKVSI,18,ORF6,0.026191,4.225,NA,0
B*07:02,IIKNLSKSL,36,ORF6,0.230076,0.827,WB,0
B*07:02,IMRTFKVSI,18,ORF6,0.022604,3.383,NA,0
B*07:02,LTENKYSQL,44,ORF6,0.015514,4.085,NA,0
B*07:02,IINLIIKNL,32,ORF6,0.006437,6.277,NA,0
B*07:02,SQLDEEQPM,50,ORF6,0.003644,8.176,NA,0
B*07:02,HLVDFQVTI,3,ORF6,0.002296,10.134,NA,0
B*07:02,QVTIAEILL,8,ORF6,0.001767,11.395,NA,0
B*07:02,TFKVSIWNL,21,ORF6,0.001479,12.315,NA,0
B*07:02,IAEILLIIM,11,ORF6,0.00144,12.469,NA,0
B*07:02,LIIMRTFKV,16,ORF6,0.001225,13.379,NA,0
A*02:01,KLFIRQEEV,85,ORF7a,0.841044,0.087,SB,0
A*02:01,ELYSPIFLI,95,ORF7a,0.549733,0.349,SB,0
A*02:01,ILFLALITL,4,ORF7a,0.509315,0.391,SB,0
A*02:01,ELYHYQECV,16,ORF7a,0.229441,1.028,WB,0
A*02:01,FLALITLAT,6,ORF7a,0.1286,1.589,WB,0
A*02:01,PLADNKFAL,48,ORF7a,0.099037,1.928,WB,0
A*02:01,FAFACPDGV,63,ORF7a,0.092682,2.033,NA,0
A*02:01,KIILFLALI,2,ORF7a,0.04918,2.985,NA,0
A*02:01,LIVAAIVFI,102,ORF7a,0.046974,3.069,NA,0
A*02:01,VAAIVFITL,104,ORF7a,0.021317,4.671,NA,0
B*07:02,RARSVSPKL,78,ORF7a,0.809781,0.125,SB,0
B*07:02,SPIFLIVAA,98,ORF7a,0.261097,0.757,SB,0
B*07:02,CPDGVKHVY,67,ORF7a,0.147393,1.135,WB,0
B*07:02,CVRGTTVLL,23,ORF7a,0.122408,1.289,WB,0
B*07:02,EGNSPFHPL,41,ORF7a,0.072505,1.795,WB,0
B*07:02,SPKLFIRQE,83,ORF7a,0.044726,2.38,NA,0
B*07:02,VAAIVFITL,104,ORF7a,0.02756,3.058,NA,0
B*07:02,HPLADNKFA,47,ORF7a,0.025196,3.213,NA,0
B*07:02,GTYEGNSPF,38,ORF7a,0.023104,3.351,NA,0
A*02:01,YIDIGNYTV,73,ORF8,0.854638,0.078,SB,0
A*02:01,FLEYHDVRV,108,ORF8,0.673457,0.221,SB,0
A*02:01,KLGSLVVRC,94,ORF8,0.278824,0.855,WB,0
A*02:01,YVVDDPCPI,31,ORF8,0.202898,1.143,WB,0
A*02:01,FLGIITTVA,6,ORF8,0.193424,1.187,WB,0
A*02:01,VFLGIITTV,5,ORF8,0.152288,1.434,WB,0
A*02:01,LVFLGIITT,4,ORF8,0.035592,3.564,NB,0
A*02:01,TVSCLPFTI,80,ORF8,0.029176,3.988,NB,0
A*02:01,TINCQEPKL,87,ORF8,0.02236,4.549,NB,0
A*02:01,SCTQHQPYV,24,ORF8,0.02063,4.752,NB,0
B*07:02,EPKLGSLVV,92,ORF8,0.397295,0.516,WB,0
B*07:02,RKSAPLIEL,52,ORF8,0.029648,2.947,NB,0
B*07:02,VGARKSAPL,49,ORF8,0.028093,3.023,NB,0
B*07:02,GARKSAPLI,50,ORF8,0.02662,3.12,NB,0
B*07:02,AAFHQECSL,14,ORF8,0.02525,3.21,NB,0
B*07:02,EYHDVRVVL,110,ORF8,0.020104,3.576,NB,0
B*07:02,CPIHFYSKW,37,ORF8,0.01498,4.164,NB,0
B*07:02,YIDIGNYTV,73,ORF8,0.011096,4.836,NB,0
B*07:02,GIITTVAAF,8,ORF8,0.007836,5.735,NB,0
B*07:02,CQEPKLGSL,90,ORF8,0.007647,5.8,NB,0