coverage_id,pool_id,peptide_id,peptide_sequence,plate_id,well_id
coverage_1,pool_1,peptide_12,SRHNERRFL,1,A1
coverage_1,pool_1,peptide_14,CRVLCCYVL,1,A1
coverage_1,pool_1,peptide_15,TLPPAWQPF,1,A1
coverage_1,pool_1,peptide_16,AAMHGRKIM,1,A1
coverage_1,pool_1,peptide_17,YKRCFPVIF,1,A1
coverage_1,pool_2,peptide_7,FLLPSLATV,1,A9
coverage_1,pool_2,peptide_8,SLTFNRGFK,1,A9
coverage_1,pool_2,peptide_10,ARLELFVVL,1,A9
coverage_1,pool_2,peptide_13,TSCPPICPGYR,1,A9
coverage_1,pool_2,peptide_23,ATAERSRHHR,1,A9
coverage_1,pool_3,peptide_1,ARMILMTHF,1,A10
coverage_1,pool_3,peptide_6,KVGNFTGLY,1,A10
coverage_1,pool_3,peptide_9,TPLIQPIGAL,1,A10
coverage_1,pool_3,peptide_22,YFIKGLNNL,1,A10
coverage_1,pool_3,peptide_25,ANNTRLWVY,1,A10
coverage_1,pool_4,peptide_3,RARRKTARML,1,A11
coverage_1,pool_4,peptide_5,GPWMQVPL,1,A11
coverage_1,pool_4,peptide_11,RPRRRRSTESW,1,A11
coverage_1,pool_4,peptide_20,TITMQLMNREK,1,A11
coverage_1,pool_4,peptide_24,YPHLHNAEL,1,A11
coverage_1,pool_5,peptide_2,MPPHMLPVL,1,A12
coverage_1,pool_5,peptide_4,TLLPEFPNVK,1,A12
coverage_1,pool_5,peptide_18,YPKKGHGHSY,1,A12
coverage_1,pool_5,peptide_19,KTIQPRVEK,1,A12
coverage_1,pool_5,peptide_21,YLHARLREL,1,A12
coverage_2,pool_6,peptide_1,ARMILMTHF,1,B1
coverage_2,pool_6,peptide_4,TLLPEFPNVK,1,B1
coverage_2,pool_6,peptide_10,ARLELFVVL,1,B1
coverage_2,pool_6,peptide_14,CRVLCCYVL,1,B1
coverage_2,pool_6,peptide_20,TITMQLMNREK,1,B1
coverage_2,pool_7,peptide_5,GPWMQVPL,1,B2
coverage_2,pool_7,peptide_9,TPLIQPIGAL,1,B2
coverage_2,pool_7,peptide_12,SRHNERRFL,1,B2
coverage_2,pool_7,peptide_21,YLHARLREL,1,B2
coverage_2,pool_7,peptide_23,ATAERSRHHR,1,B2
coverage_2,pool_8,peptide_13,TSCPPICPGYR,1,B3
coverage_2,pool_8,peptide_15,TLPPAWQPF,1,B3
coverage_2,pool_8,peptide_18,YPKKGHGHSY,1,B3
coverage_2,pool_8,peptide_24,YPHLHNAEL,1,B3
coverage_2,pool_8,peptide_25,ANNTRLWVY,1,B3
coverage_2,pool_9,peptide_2,MPPHMLPVL,1,B4
coverage_2,pool_9,peptide_6,KVGNFTGLY,1,B4
coverage_2,pool_9,peptide_7,FLLPSLATV,1,B4
coverage_2,pool_9,peptide_11,RPRRRRSTESW,1,B4
coverage_2,pool_9,peptide_16,AAMHGRKIM,1,B4
coverage_2,pool_10,peptide_3,RARRKTARML,1,A2
coverage_2,pool_10,peptide_8,SLTFNRGFK,1,A2
coverage_2,pool_10,peptide_17,YKRCFPVIF,1,A2
coverage_2,pool_10,peptide_19,KTIQPRVEK,1,A2
coverage_2,pool_10,peptide_22,YFIKGLNNL,1,A2
coverage_3,pool_11,peptide_16,AAMHGRKIM,1,A3
coverage_3,pool_11,peptide_22,YFIKGLNNL,1,A3
coverage_3,pool_11,peptide_23,ATAERSRHHR,1,A3
coverage_3,pool_11,peptide_24,YPHLHNAEL,1,A3
coverage_3,pool_12,peptide_6,KVGNFTGLY,1,A4
coverage_3,pool_12,peptide_10,ARLELFVVL,1,A4
coverage_3,pool_12,peptide_12,SRHNERRFL,1,A4
coverage_3,pool_12,peptide_18,YPKKGHGHSY,1,A4
coverage_3,pool_12,peptide_3,RARRKTARML,1,A4
coverage_3,pool_13,peptide_1,ARMILMTHF,1,A5
coverage_3,pool_13,peptide_5,GPWMQVPL,1,A5
coverage_3,pool_13,peptide_7,FLLPSLATV,1,A5
coverage_3,pool_13,peptide_19,KTIQPRVEK,1,A5
coverage_3,pool_14,peptide_2,MPPHMLPVL,1,A6
coverage_3,pool_14,peptide_9,TPLIQPIGAL,1,A6
coverage_3,pool_14,peptide_20,TITMQLMNREK,1,A6
coverage_3,pool_14,peptide_17,YKRCFPVIF,1,A6
coverage_3,pool_14,peptide_13,TSCPPICPGYR,1,A6
coverage_3,pool_15,peptide_4,TLLPEFPNVK,1,A7
coverage_3,pool_15,peptide_11,RPRRRRSTESW,1,A7
coverage_3,pool_15,peptide_15,TLPPAWQPF,1,A7
coverage_3,pool_16,peptide_25,ANNTRLWVY,1,A8
coverage_3,pool_16,peptide_8,SLTFNRGFK,1,A8
coverage_3,pool_16,peptide_21,YLHARLREL,1,A8
coverage_3,pool_16,peptide_14,CRVLCCYVL,1,A8
